clients,size,initialStock,amountLimit,isolation,noCollisions,adjustAlgorithm,time (s),nodes,ar
8,1,0,3,4,false,binary,0,0,0
8,1,0,3,4,false,binary,1,1,0.873323398
8,1,0,3,4,false,binary,1,1,0.873323398
8,1,0,3,4,false,binary,2,2,0.826457105
8,1,0,3,4,false,binary,2,2,0.826457105
8,1,0,3,4,false,binary,3,3,0.754064338
8,1,0,3,4,false,binary,3,4,0.74516129
8,1,0,3,4,false,binary,4,4,0.738405072
8,1,0,3,4,false,binary,4,4,0.738405072
8,1,0,3,4,false,binary,5,5,0.70310745
8,1,0,3,4,false,binary,5,5,0.70310745
8,1,0,3,4,false,binary,6,6,0.688909774
8,1,0,3,4,false,binary,6,6,0.68688339
8,1,0,3,4,false,binary,7,7,0.608431703
8,1,0,3,4,false,binary,7,7,0.603914414
8,1,0,3,4,false,binary,8,8,0.581280788
8,1,0,3,4,false,binary,8,8,0.571486514
8,1,0,3,4,false,binary,9,9,0.485888993
8,1,0,3,4,false,binary,9,9,0.495553257
8,1,0,3,4,false,binary,10,10,0.499521531
8,1,0,3,4,false,binary,10,10,0.490526986
8,1,0,3,4,false,binary,11,11,0.478442728
8,1,0,3,4,false,binary,11,11,0.482939216
8,1,0,3,4,false,binary,12,12,0.437994723
8,1,0,3,4,false,binary,12,12,0.433278418
8,1,0,3,4,false,binary,13,13,0.40046373
8,1,0,3,4,false,binary,13,13,0.403895627
8,1,0,3,4,false,binary,14,14,0.374713522
8,1,0,3,4,false,binary,14,14,0.379603892
8,1,0,3,4,false,binary,15,15,0.357575758
8,1,0,3,4,false,binary,15,15,0.353087649
8,1,0,3,4,false,binary,16,16,0.339573919
8,1,0,3,4,false,binary,16,16,0.345876029
8,1,0,3,4,false,binary,17,17,0.341346154
8,1,0,3,4,false,binary,17,17,0.336783989
8,1,0,3,4,false,binary,18,18,0.349140893
8,1,0,3,4,false,binary,18,18,0.338053097
8,1,0,3,4,false,binary,19,19,0.334784502
8,1,0,3,4,false,binary,19,19,0.337450124
8,1,0,3,4,false,binary,20,20,0.331478906
8,1,0,3,4,false,binary,20,20,0.333333333
8,1,0,3,4,false,binary,21,21,0.327852349
8,1,0,3,4,false,binary,21,21,0.320436339
8,1,0,3,4,false,binary,22,22,0.326458037
8,1,0,3,4,false,binary,22,22,0.308243034
8,1,0,3,4,false,binary,23,23,0.301321586
8,1,0,3,4,false,binary,23,23,0.301239669
8,1,0,3,4,false,binary,24,24,0.292503675
8,1,0,3,4,false,binary,24,24,0.291348878
8,1,0,3,4,false,binary,25,25,0.284926471
8,1,0,3,4,false,binary,25,25,0.289375856
8,1,0,3,4,false,binary,26,26,0.288082902
8,1,0,3,4,false,binary,26,26,0.292467532
8,1,0,3,4,false,binary,27,27,0.281709881
8,1,0,3,4,false,binary,27,27,0.28
8,1,0,3,4,false,binary,28,28,0.296712803
8,1,0,3,4,false,binary,28,28,0.289434245
8,1,0,3,4,false,binary,29,29,0.27753304
8,1,0,3,4,false,binary,29,29,0.275263952
8,1,0,3,4,false,binary,30,30,0.253954306
8,1,0,3,4,false,binary,30,30,0.256315585
8,1,0,3,4,false,binary,31,31,0.243629861
8,1,0,3,4,false,binary,31,31,0.23820179
8,1,0,3,4,false,binary,32,32,0.240018357
8,1,0,3,4,false,binary,32,32,0.240320688
8,1,0,3,4,false,binary,33,33,0.230639018
8,1,0,3,4,false,binary,33,33,0.226571321
8,1,0,3,4,false,binary,34,34,0.200317965
8,1,0,3,4,false,binary,34,34,0.207917129
8,1,0,3,4,false,binary,35,35,0.193173002
8,1,0,3,4,false,binary,35,35,0.21500091
8,1,0,3,4,false,binary,36,36,0.208994709
8,1,0,3,4,false,binary,36,36,0.203810947
8,1,0,3,4,false,binary,37,37,0.204055767
8,1,0,3,4,false,binary,37,37,0.212200523
8,1,0,3,4,false,binary,38,38,0.211166141
8,1,0,3,4,false,binary,38,38,0.209759788
8,1,0,3,4,false,binary,39,39,0.187397035
8,1,0,3,4,false,binary,39,39,0.195558065
8,1,0,3,4,false,binary,40,40,0.199746085
8,1,0,3,4,false,binary,40,40,0.204358068
8,1,0,3,4,false,binary,41,41,0.186698337
8,1,0,3,4,false,binary,41,41,0.190574618
8,1,0,3,4,false,binary,42,42,0.184470377
8,1,0,3,4,false,binary,42,42,0.178443114
8,1,0,3,4,false,binary,43,43,0.183723798
8,1,0,3,4,false,binary,43,43,0.188785047
8,1,0,3,4,false,binary,44,44,0.173264487
8,1,0,3,4,false,binary,44,44,0.177029361
8,1,0,3,4,false,binary,45,45,0.177456917
8,1,0,3,4,false,binary,45,45,0.174845361
8,1,0,3,4,false,binary,46,46,0.18083729
8,1,0,3,4,false,binary,46,46,0.175091293
8,1,0,3,4,false,binary,47,47,0.164551607
8,1,0,3,4,false,binary,47,47,0.166236858
8,1,0,3,4,false,binary,48,48,0.157799274
8,1,0,3,4,false,binary,48,48,0.161851016
8,1,0,3,4,false,binary,49,49,0.157926103
8,1,0,3,4,false,binary,49,49,0.156401093
8,1,0,3,4,false,binary,50,50,0.155887231
8,1,0,3,4,false,binary,50,50,0.163511188
8,1,0,3,4,false,binary,51,51,0.158681319
8,1,0,3,4,false,binary,51,51,0.155073892
8,1,0,3,4,false,binary,52,52,0.16969697
8,1,0,3,4,false,binary,52,52,0.160853942
8,1,0,3,4,false,binary,53,53,0.166969147
8,1,0,3,4,false,binary,53,53,0.153692171
8,1,0,3,4,false,binary,54,54,0.162546354
8,1,0,3,4,false,binary,54,54,0.155287818
8,1,0,3,4,false,binary,55,55,0.138170347
8,1,0,3,4,false,binary,55,55,0.141675978
8,1,0,3,4,false,binary,56,56,0.145135566
8,1,0,3,4,false,binary,56,56,0.146482814
8,1,0,3,4,false,binary,57,57,0.138601572
8,1,0,3,4,false,binary,57,57,0.13638936
8,1,0,3,4,false,binary,58,58,0.130376344
8,1,0,3,4,false,binary,58,58,0.134549601
8,1,0,3,4,false,binary,59,59,0.12667091
8,1,0,3,4,false,binary,59,59,0.136193155
8,1,0,3,4,false,binary,60,60,0.120218579
8,1,0,3,4,false,binary,60,60,0.12700203
8,1,0,3,4,false,binary,61,61,0.152592593
8,1,0,3,4,false,binary,61,61,0.164477141
8,1,0,3,4,false,binary,62,62,0.152565881
8,1,0,3,4,false,binary,62,62,0.164699571
8,1,0,3,4,false,binary,63,63,0.161325967
8,1,0,3,4,false,binary,63,63,0.160540849
8,1,0,3,4,false,binary,64,64,0.139050388
8,1,0,3,4,false,binary,64,64,0.153297683
8,1,0,3,4,false,binary,65,65,0.161148978
8,1,0,3,4,false,binary,65,65,0.160418964
8,1,0,3,4,false,binary,66,66,0.16487069
8,1,0,3,4,false,binary,66,66,0.160400529
8,1,0,3,4,false,binary,67,67,0.152688172
8,1,0,3,4,false,binary,67,67,0.146311475
8,1,0,3,4,false,binary,68,68,0.150877193
8,1,0,3,4,false,binary,68,68,0.156217236
8,1,0,3,4,false,binary,69,69,0.163558106
8,1,0,3,4,false,binary,69,69,0.156567426
8,1,0,3,4,false,binary,70,70,0.149260849
8,1,0,3,4,false,binary,70,70,0.147096538
8,1,0,3,4,false,binary,71,71,0.153772225
8,1,0,3,4,false,binary,71,71,0.146813421
8,1,0,3,4,false,binary,72,72,0.142651987
8,1,0,3,4,false,binary,72,72,0.147824568
8,1,0,3,4,false,binary,73,73,0.14237936
8,1,0,3,4,false,binary,73,73,0.139171069
8,1,0,3,4,false,binary,74,74,0.129240711
8,1,0,3,4,false,binary,74,74,0.137433722
8,1,0,3,4,false,binary,75,75,0.134908912
8,1,0,3,4,false,binary,75,75,0.14261745
8,1,0,3,4,false,binary,76,76,0.134036145
8,1,0,3,4,false,binary,76,76,0.140598209
8,1,0,3,4,false,binary,77,77,0.149267832
8,1,0,3,4,false,binary,77,77,0.14552374
8,1,0,3,4,false,binary,78,78,0.140342298
8,1,0,3,4,false,binary,78,78,0.139340843
8,1,0,3,4,false,binary,79,79,0.135269122
8,1,0,3,4,false,binary,79,79,0.137609214
8,1,0,3,4,false,binary,80,80,0.139481707
8,1,0,3,4,false,binary,80,80,0.128519235
8,1,0,3,4,false,binary,81,81,0.135321101
8,1,0,3,4,false,binary,81,81,0.12987013
8,1,0,3,4,false,binary,82,82,0.133265514
8,1,0,3,4,false,binary,82,82,0.130536131
8,1,0,3,4,false,binary,83,83,0.114808652
8,1,0,3,4,false,binary,83,83,0.119520958
8,1,0,3,4,false,binary,84,84,0.118536197
8,1,0,3,4,false,binary,84,84,0.11993517
8,1,0,3,4,false,binary,85,85,0.113442113
8,1,0,3,4,false,binary,85,85,0.12455516
8,1,0,3,4,false,binary,86,86,0.131445171
8,1,0,3,4,false,binary,86,86,0.124708378
8,1,0,3,4,false,binary,87,87,0.123834197
8,1,0,3,4,false,binary,87,87,0.124538566
8,1,0,3,4,false,binary,88,88,0.123371648
8,1,0,3,4,false,binary,88,88,0.120218579
8,1,0,3,4,false,binary,89,89,0.110526316
8,1,0,3,4,false,binary,89,89,0.1228223
8,1,0,3,4,false,binary,90,90,0.128325509
8,1,0,3,4,false,binary,90,90,0.124122807
8,1,0,3,4,false,binary,91,91,0.133131619
8,1,0,3,4,false,binary,91,91,0.132661996
8,1,0,3,4,false,binary,92,92,0.124162803
8,1,0,3,4,false,binary,92,92,0.127904404
8,1,0,3,4,false,binary,93,93,0.109025271
8,1,0,3,4,false,binary,93,93,0.118869493
8,1,0,3,4,false,binary,94,94,0.120510774
8,1,0,3,4,false,binary,94,94,0.112888889
8,1,0,3,4,false,binary,95,95,0.124338624
8,1,0,3,4,false,binary,95,95,0.117760618
8,1,0,3,4,false,binary,96,96,0.113284434
8,1,0,3,4,false,binary,96,96,0.115687993
8,1,0,3,4,false,binary,97,97,0.106753813
8,1,0,3,4,false,binary,97,97,0.117647059
8,1,0,3,4,false,binary,98,98,0.118402282
8,1,0,3,4,false,binary,98,98,0.118970366
8,1,0,3,4,false,binary,99,99,0.111439114
8,1,0,3,4,false,binary,99,99,0.114592094
8,1,0,3,4,false,binary,100,100,0.117090909
8,1,0,3,4,false,binary,100,100,0.119827939
8,1,0,3,4,false,binary,101,101,0.125913891
8,1,0,3,4,false,binary,101,101,0.123390112
8,1,0,3,4,false,binary,102,102,0.105726872
8,1,0,3,4,false,binary,102,102,0.11755121
8,1,0,3,4,false,binary,103,103,0.125
8,1,0,3,4,false,binary,103,103,0.112033195
8,1,0,3,4,false,binary,104,104,0.113997114
8,1,0,3,4,false,binary,104,104,0.118946145
8,1,0,3,4,false,binary,105,105,0.121562952
8,1,0,3,4,false,binary,105,105,0.114350703
8,1,0,3,4,false,binary,106,106,0.110612855
8,1,0,3,4,false,binary,106,106,0.109319372
8,1,0,3,4,false,binary,107,107,0.111981206
8,1,0,3,4,false,binary,107,107,0.116125761
8,1,0,3,4,false,binary,108,108,0.09375
8,1,0,3,4,false,binary,108,108,0.111690775
8,1,0,3,4,false,binary,109,109,0.093385214
8,1,0,3,4,false,binary,109,109,0.10862692
8,1,0,3,4,false,binary,110,110,0.118534483
8,1,0,3,4,false,binary,110,110,0.110377553
8,1,0,3,4,false,binary,111,111,0.096491228
8,1,0,3,4,false,binary,111,111,0.104032604
8,1,0,3,4,false,binary,112,112,0.106951872
8,1,0,3,4,false,binary,112,112,0.110935649
8,1,0,3,4,false,binary,113,113,0.129445235
8,1,0,3,4,false,binary,113,113,0.108322325
8,1,0,3,4,false,binary,114,114,0.10128388
8,1,0,3,4,false,binary,114,114,0.102000976
8,1,0,3,4,false,binary,115,115,0.086053412
8,1,0,3,4,false,binary,115,115,0.102861371
8,1,0,3,4,false,binary,116,116,0.106049291
8,1,0,3,4,false,binary,116,116,0.099438319
8,1,0,3,4,false,binary,117,117,0.091477717
8,1,0,3,4,false,binary,117,117,0.100403311
8,1,0,3,4,false,binary,118,118,0.082228117
8,1,0,3,4,false,binary,118,118,0.093148013
8,1,0,3,4,false,binary,119,119,0.114649682
8,1,0,3,4,false,binary,119,119,0.099305377
8,1,0,3,4,false,binary,120,120,0.107476636
8,1,0,3,4,false,binary,120,120,0.093451067
8,1,0,3,4,false,linear,0,0,0
8,1,0,3,4,false,linear,1,1,0.874116891
8,1,0,3,4,false,linear,1,1,0.874116891
8,1,0,3,4,false,linear,2,3,0.737641105
8,1,0,3,4,false,linear,2,6,0.716297787
8,1,0,3,4,false,linear,3,6,0.574269481
8,1,0,3,4,false,linear,3,6,0.574269481
8,1,0,3,4,false,linear,4,10,0.42370845
8,1,0,3,4,false,linear,4,10,0.398947368
8,1,0,3,4,false,linear,5,15,0.335779817
8,1,0,3,4,false,linear,5,15,0.344759825
8,1,0,3,4,false,linear,6,21,0.290158945
8,1,0,3,4,false,linear,6,21,0.286416822
8,1,0,3,4,false,linear,7,28,0.274776386
8,1,0,3,4,false,linear,7,28,0.268671007
8,1,0,3,4,false,linear,8,37,0.23325062
8,1,0,3,4,false,linear,8,37,0.218430034
8,1,0,3,4,false,linear,9,46,0.163010753
8,1,0,3,4,false,linear,9,46,0.164781591
8,1,0,3,4,false,linear,10,55,0.133215704
8,1,0,3,4,false,linear,10,55,0.14645174
8,1,0,3,4,false,linear,11,64,0.122830441
8,1,0,3,4,false,linear,11,64,0.126077793
8,1,0,3,4,false,linear,12,73,0.111059695
8,1,0,3,4,false,linear,12,73,0.108144796
8,1,0,3,4,false,linear,13,82,0.104298357
8,1,0,3,4,false,linear,13,82,0.103626943
8,1,0,3,4,false,linear,14,91,0.112195122
8,1,0,3,4,false,linear,14,91,0.108319889
8,1,0,3,4,false,linear,15,102,0.106145251
8,1,0,3,4,false,linear,15,102,0.09935305
8,1,0,3,4,false,linear,16,113,0.085448916
8,1,0,3,4,false,linear,16,113,0.088411256
8,1,0,3,4,false,linear,17,124,0.070155262
8,1,0,3,4,false,linear,17,124,0.070588235
8,1,0,3,4,false,linear,18,134,0.067014795
8,1,0,3,4,false,linear,18,134,0.075134168
8,1,0,3,4,false,linear,19,145,0.064091308
8,1,0,3,4,false,linear,19,145,0.076923077
8,1,0,3,4,false,linear,20,157,0.064575646
8,1,0,3,4,false,linear,20,157,0.06505903
8,1,0,3,4,false,linear,21,168,0.070016474
8,1,0,3,4,false,linear,21,168,0.064233231
8,1,0,3,4,false,linear,22,180,0.050938338
8,1,0,3,4,false,linear,22,180,0.056622851
8,1,0,3,4,false,linear,23,191,0.074954296
8,1,0,3,4,false,linear,23,191,0.054471308
8,1,0,3,4,false,linear,24,191,0.054471308
8,1,0,3,4,false,linear,24,202,0.043154178
8,1,0,3,4,false,linear,25,202,0.043154178
8,1,0,3,4,false,linear,25,202,0.040861
8,1,0,3,4,false,linear,26,202,0.040861
8,1,0,3,4,false,linear,26,202,0.044585987
8,1,0,3,4,false,linear,27,202,0.061264822
8,1,0,3,4,false,linear,27,202,0.051458538
8,1,0,3,4,false,linear,28,202,0.051458538
8,1,0,3,4,false,linear,28,214,0.048984035
8,1,0,3,4,false,linear,29,214,0.051467856
8,1,0,3,4,false,linear,29,226,0.03934554
8,1,0,3,4,false,linear,30,226,0.045608745
8,1,0,3,4,false,linear,30,226,0.050714615
8,1,0,3,4,false,linear,31,226,0.046973071
8,1,0,3,4,false,linear,31,226,0.038831219
8,1,0,3,4,false,linear,32,226,0.044555406
8,1,0,3,4,false,linear,32,226,0.040015244
8,1,0,3,4,false,linear,33,226,0.040517607
8,1,0,3,4,false,linear,33,226,0.044628957
8,1,0,3,4,false,linear,34,226,0.046282723
8,1,0,3,4,false,linear,34,226,0.036635007
8,1,0,3,4,false,linear,35,226,0.042071197
8,1,0,3,4,false,linear,35,226,0.047759932
8,1,0,3,4,false,linear,36,226,0.044681287
8,1,0,3,4,false,linear,36,226,0.042442293
8,1,0,3,4,false,linear,37,226,0.042863088
8,1,0,3,4,false,linear,37,226,0.044410413
8,1,0,3,4,false,linear,38,226,0.049977589
8,1,0,3,4,false,linear,38,226,0.048913043
8,1,0,3,4,false,linear,39,226,0.047023209
8,1,0,3,4,false,linear,39,226,0.050083472
8,1,0,3,4,false,linear,40,226,0.045302636
8,1,0,3,4,false,linear,40,226,0.047111417
8,1,0,3,4,false,linear,41,226,0.046113074
8,1,0,3,4,false,linear,41,226,0.053230666
8,1,0,3,4,false,linear,42,226,0.046697232
8,1,0,3,4,false,linear,42,226,0.040871935
8,1,0,3,4,false,linear,43,226,0.041199266
8,1,0,3,4,false,linear,43,226,0.04140527
8,1,0,3,4,false,linear,44,226,0.044528522
8,1,0,3,4,false,linear,44,226,0.048145738
8,1,0,3,4,false,linear,45,226,0.048141892
8,1,0,3,4,false,linear,45,226,0.041846154
8,1,0,3,4,false,linear,46,226,0.045390866
8,1,0,3,4,false,linear,46,226,0.0325
8,1,0,3,4,false,linear,47,226,0.035845329
8,1,0,3,4,false,linear,47,226,0.042966043
8,1,0,3,4,false,linear,48,226,0.03993808
8,1,0,3,4,false,linear,48,226,0.039857651
8,1,0,3,4,false,linear,49,226,0.045799116
8,1,0,3,4,false,linear,49,226,0.037402964
8,1,0,3,4,false,linear,50,226,0.037515763
8,1,0,3,4,false,linear,50,226,0.042443064
8,1,0,3,4,false,linear,51,226,0.040622299
8,1,0,3,4,false,linear,51,226,0.047337278
8,1,0,3,4,false,linear,52,226,0.045416551
8,1,0,3,4,false,linear,52,226,0.053295129
8,1,0,3,4,false,linear,53,226,0.050293378
8,1,0,3,4,false,linear,53,226,0.042611684
8,1,0,3,4,false,linear,54,226,0.047724477
8,1,0,3,4,false,linear,54,226,0.035996055
8,1,0,3,4,false,linear,55,226,0.039991446
8,1,0,3,4,false,linear,55,226,0.042725173
8,1,0,3,4,false,linear,56,226,0.045916208
8,1,0,3,4,false,linear,56,226,0.037827352
8,1,0,3,4,false,linear,57,226,0.040799159
8,1,0,3,4,false,linear,57,226,0.044988864
8,1,0,3,4,false,linear,58,226,0.043555732
8,1,0,3,4,false,linear,58,226,0.046058879
8,1,0,3,4,false,linear,59,226,0.044282744
8,1,0,3,4,false,linear,59,226,0.045845272
8,1,0,3,4,false,linear,60,226,0.043360434
8,1,0,3,4,false,linear,60,226,0.05298913
8,1,0,3,4,false,linear,61,226,0.052999632
8,1,0,3,4,false,linear,61,239,0.049138247
8,1,0,3,4,false,linear,62,239,0.049983824
8,1,0,3,4,false,linear,62,239,0.04773622
8,1,0,3,4,false,linear,63,239,0.049192364
8,1,0,3,4,false,linear,63,239,0.047707101
8,1,0,3,4,false,linear,64,239,0.047010731
8,1,0,3,4,false,linear,64,239,0.053750501
8,1,0,3,4,false,linear,65,239,0.053009883
8,1,0,3,4,false,linear,65,253,0.048182587
8,1,0,3,4,false,linear,66,253,0.048387097
8,1,0,3,4,false,linear,66,253,0.049285362
8,1,0,3,4,false,linear,67,253,0.050327409
8,1,0,3,4,false,linear,67,267,0.044147844
8,1,0,3,4,false,linear,68,267,0.04781746
8,1,0,3,4,false,linear,68,267,0.046077894
8,1,0,3,4,false,linear,69,267,0.044153226
8,1,0,3,4,false,linear,69,267,0.050456253
8,1,0,3,4,false,linear,70,267,0.047715736
8,1,0,3,4,false,linear,70,267,0.046004843
8,1,0,3,4,false,linear,71,267,0.049279599
8,1,0,3,4,false,linear,71,267,0.054545455
8,1,0,3,4,false,linear,72,267,0.050389922
8,1,0,3,4,false,linear,72,267,0.050228311
8,1,0,3,4,false,linear,73,267,0.050334846
8,1,0,3,4,false,linear,73,267,0.048886738
8,1,0,3,4,false,linear,74,267,0.046128501
8,1,0,3,4,false,linear,74,267,0.045610593
8,1,0,3,4,false,linear,75,267,0.04949604
8,1,0,3,4,false,linear,75,267,0.047912713
8,1,0,3,4,false,linear,76,267,0.043505155
8,1,0,3,4,false,linear,76,267,0.040263543
8,1,0,3,4,false,linear,77,267,0.047689076
8,1,0,3,4,false,linear,77,267,0.031586504
8,1,0,3,4,false,linear,78,267,0.039779941
8,1,0,3,4,false,linear,78,267,0.046250876
8,1,0,3,4,false,linear,79,267,0.043738766
8,1,0,3,4,false,linear,79,267,0.041860465
8,1,0,3,4,false,linear,80,267,0.042473787
8,1,0,3,4,false,linear,80,267,0.048279159
8,1,0,3,4,false,linear,81,267,0.047877691
8,1,0,3,4,false,linear,81,267,0.043097151
8,1,0,3,4,false,linear,82,267,0.039869281
8,1,0,3,4,false,linear,82,267,0.050161812
8,1,0,3,4,false,linear,83,267,0.047278248
8,1,0,3,4,false,linear,83,267,0.047904192
8,1,0,3,4,false,linear,84,267,0.044766436
8,1,0,3,4,false,linear,84,267,0.043067227
8,1,0,3,4,false,linear,85,267,0.038431218
8,1,0,3,4,false,linear,85,267,0.040688576
8,1,0,3,4,false,linear,86,267,0.03997195
8,1,0,3,4,false,linear,86,267,0.037225042
8,1,0,3,4,false,linear,87,267,0.0374541
8,1,0,3,4,false,linear,87,267,0.041594454
8,1,0,3,4,false,linear,88,267,0.045856981
8,1,0,3,4,false,linear,88,267,0.049844237
8,1,0,3,4,false,linear,89,267,0.048851216
8,1,0,3,4,false,linear,89,267,0.044761436
8,1,0,3,4,false,linear,90,267,0.046644543
8,1,0,3,4,false,linear,90,267,0.042637581
8,1,0,3,4,false,linear,91,267,0.04307821
8,1,0,3,4,false,linear,91,267,0.050505051
8,1,0,3,4,false,linear,92,267,0.043337196
8,1,0,3,4,false,linear,92,267,0.04311649
8,1,0,3,4,false,linear,93,267,0.046471968
8,1,0,3,4,false,linear,93,267,0.058536585
8,1,0,3,4,false,linear,94,267,0.047242411
8,1,0,3,4,false,linear,94,267,0.034395973
8,1,0,3,4,false,linear,95,267,0.042857143
8,1,0,3,4,false,linear,95,267,0.048264642
8,1,0,3,4,false,linear,96,267,0.048731192
8,1,0,3,4,false,linear,96,267,0.035608309
8,1,0,3,4,false,linear,97,267,0.043287327
8,1,0,3,4,false,linear,97,267,0.045233125
8,1,0,3,4,false,linear,98,267,0.045592092
8,1,0,3,4,false,linear,98,267,0.052631579
8,1,0,3,4,false,linear,99,267,0.053063803
8,1,0,3,4,false,linear,99,282,0.039184953
8,1,0,3,4,false,linear,100,282,0.039097408
8,1,0,3,4,false,linear,100,282,0.041304348
8,1,0,3,4,false,linear,101,282,0.045740561
8,1,0,3,4,false,linear,101,282,0.048521607
8,1,0,3,4,false,linear,102,282,0.042016807
8,1,0,3,4,false,linear,102,282,0.051409619
8,1,0,3,4,false,linear,103,282,0.04379222
8,1,0,3,4,false,linear,103,282,0.048780488
8,1,0,3,4,false,linear,104,282,0.043715847
8,1,0,3,4,false,linear,104,282,0.037065053
8,1,0,3,4,false,linear,105,282,0.035808436
8,1,0,3,4,false,linear,105,282,0.051863857
8,1,0,3,4,false,linear,106,282,0.043514183
8,1,0,3,4,false,linear,106,282,0.045317221
8,1,0,3,4,false,linear,107,282,0.043832335
8,1,0,3,4,false,linear,107,282,0.048319328
8,1,0,3,4,false,linear,108,282,0.046478296
8,1,0,3,4,false,linear,108,282,0.044025157
8,1,0,3,4,false,linear,109,282,0.041124199
8,1,0,3,4,false,linear,109,282,0.05226209
8,1,0,3,4,false,linear,110,282,0.046225994
8,1,0,3,4,false,linear,110,282,0.050381679
8,1,0,3,4,false,linear,111,282,0.044444444
8,1,0,3,4,false,linear,111,282,0.043674699
8,1,0,3,4,false,linear,112,282,0.040328795
8,1,0,3,4,false,linear,112,282,0.04688701
8,1,0,3,4,false,linear,113,282,0.042453879
8,1,0,3,4,false,linear,113,282,0.042438272
8,1,0,3,4,false,linear,114,282,0.043956044
8,1,0,3,4,false,linear,114,282,0.037402964
8,1,0,3,4,false,linear,115,282,0.043112513
8,1,0,3,4,false,linear,115,282,0.025073746
8,1,0,3,4,false,linear,116,282,0.037083754
8,1,0,3,4,false,linear,116,282,0.03348554
8,1,0,3,4,false,linear,117,282,0.044477761
8,1,0,3,4,false,linear,117,282,0.039538715
8,1,0,3,4,false,linear,118,282,0.042660882
8,1,0,3,4,false,linear,118,282,0.045922407
8,1,0,3,4,false,linear,119,282,0.039013075
8,1,0,3,4,false,linear,119,282,0.038961039
8,1,0,3,4,false,linear,120,282,0.039708092
8,1,0,3,4,false,linear,120,282,0.037965616
8,1,0,3,4,false,quadratic,0,0,0
8,1,0,3,4,false,quadratic,1,1,0.874032674
8,1,0,3,4,false,quadratic,1,1,0.874032674
8,1,0,3,4,false,quadratic,2,3,0.795850872
8,1,0,3,4,false,quadratic,2,3,0.795850872
8,1,0,3,4,false,quadratic,3,10,0.580128205
8,1,0,3,4,false,quadratic,3,10,0.553057851
8,1,0,3,4,false,quadratic,4,42,0.256862745
8,1,0,3,4,false,quadratic,4,42,0.219660642
8,1,0,3,4,false,quadratic,5,122,0.096693177
8,1,0,3,4,false,quadratic,5,122,0.089960144
8,1,0,3,4,false,quadratic,6,160,0.074051776
8,1,0,3,4,false,quadratic,6,160,0.070321276
8,1,0,3,4,false,quadratic,7,159,0.075581395
8,1,0,3,4,false,quadratic,7,159,0.067481663
8,1,0,3,4,false,quadratic,8,223,0.051594747
8,1,0,3,4,false,quadratic,8,226,0.053948162
8,1,0,3,4,false,quadratic,9,226,0.050457218
8,1,0,3,4,false,quadratic,9,279,0.048434086
8,1,0,3,4,false,quadratic,10,279,0.044823906
8,1,0,3,4,false,quadratic,10,279,0.045820433
8,1,0,3,4,false,quadratic,11,279,0.045560748
8,1,0,3,4,false,quadratic,11,279,0.042236025
8,1,0,3,4,false,quadratic,12,279,0.040337284
8,1,0,3,4,false,quadratic,12,279,0.03403982
8,1,0,3,4,false,quadratic,13,279,0.039662051
8,1,0,3,4,false,quadratic,13,279,0.039671683
8,1,0,3,4,false,quadratic,14,279,0.042800702
8,1,0,3,4,false,quadratic,14,279,0.040398126
8,1,0,3,4,false,quadratic,15,279,0.038585952
8,1,0,3,4,false,quadratic,15,279,0.044334975
8,1,0,3,4,false,quadratic,16,279,0.045599635
8,1,0,3,4,false,quadratic,16,279,0.038417431
8,1,0,3,4,false,quadratic,17,279,0.041040829
8,1,0,3,4,false,quadratic,17,279,0.04648318
8,1,0,3,4,false,quadratic,18,279,0.044428773
8,1,0,3,4,false,quadratic,18,279,0.036783042
8,1,0,3,4,false,quadratic,19,279,0.034074074
8,1,0,3,4,false,quadratic,19,279,0.039794608
8,1,0,3,4,false,quadratic,20,279,0.042205416
8,1,0,3,4,false,quadratic,20,279,0.03680203
8,1,0,3,4,false,quadratic,21,279,0.037940379
8,1,0,3,4,false,quadratic,21,279,0.033159948
8,1,0,3,4,false,quadratic,22,279,0.035662651
8,1,0,3,4,false,quadratic,22,279,0.030864198
8,1,0,3,4,false,quadratic,23,279,0.03344247
8,1,0,3,4,false,quadratic,23,279,0.031515152
8,1,0,3,4,false,quadratic,24,279,0.034989971
8,1,0,3,4,false,quadratic,24,279,0.043742406
8,1,0,3,4,false,quadratic,25,279,0.045748384
8,1,0,3,4,false,quadratic,25,279,0.041332511
8,1,0,3,4,false,quadratic,26,279,0.036486172
8,1,0,3,4,false,quadratic,26,279,0.037785016
8,1,0,3,4,false,quadratic,27,279,0.037055459
8,1,0,3,4,false,quadratic,27,279,0.032688459
8,1,0,3,4,false,quadratic,28,279,0.039435248
8,1,0,3,4,false,quadratic,28,279,0.034960422
8,1,0,3,4,false,quadratic,29,279,0.037840443
8,1,0,3,4,false,quadratic,29,279,0.043365696
8,1,0,3,4,false,quadratic,30,279,0.039451925
8,1,0,3,4,false,quadratic,30,279,0.031280547
8,1,0,3,4,false,quadratic,31,279,0.031628888
8,1,0,3,4,false,quadratic,31,279,0.028445006
8,1,0,3,4,false,quadratic,32,279,0.03147877
8,1,0,3,4,false,quadratic,32,279,0.035945363
8,1,0,3,4,false,quadratic,33,279,0.038822303
8,1,0,3,4,false,quadratic,33,279,0.034106412
8,1,0,3,4,false,quadratic,34,279,0.036285207
8,1,0,3,4,false,quadratic,34,279,0.031434185
8,1,0,3,4,false,quadratic,35,279,0.034431509
8,1,0,3,4,false,quadratic,35,279,0.042759961
8,1,0,3,4,false,quadratic,36,279,0.039106145
8,1,0,3,4,false,quadratic,36,279,0.038728898
8,1,0,3,4,false,quadratic,37,279,0.036306235
8,1,0,3,4,false,quadratic,37,279,0.037712895
8,1,0,3,4,false,quadratic,38,279,0.033502773
8,1,0,3,4,false,quadratic,38,279,0.042407661
8,1,0,3,4,false,quadratic,39,279,0.036507153
8,1,0,3,4,false,quadratic,39,279,0.030914826
8,1,0,3,4,false,quadratic,40,279,0.033702455
8,1,0,3,4,false,quadratic,40,279,0.040025413
8,1,0,3,4,false,quadratic,41,279,0.038060333
8,1,0,3,4,false,quadratic,41,279,0.038387716
8,1,0,3,4,false,quadratic,42,279,0.03613808
8,1,0,3,4,false,quadratic,42,279,0.0450045
8,1,0,3,4,false,quadratic,43,279,0.04585317
8,1,0,3,4,false,quadratic,43,279,0.043144208
8,1,0,3,4,false,quadratic,44,279,0.041289468
8,1,0,3,4,false,quadratic,44,279,0.029625151
8,1,0,3,4,false,quadratic,45,279,0.036686391
8,1,0,3,4,false,quadratic,45,279,0.037114846
8,1,0,3,4,false,quadratic,46,279,0.037065837
8,1,0,3,4,false,quadratic,46,279,0.036757776
8,1,0,3,4,false,quadratic,47,279,0.040562914
8,1,0,3,4,false,quadratic,47,279,0.039674466
8,1,0,3,4,false,quadratic,48,279,0.036842105
8,1,0,3,4,false,quadratic,48,279,0.041666667
8,1,0,3,4,false,quadratic,49,279,0.039663462
8,1,0,3,4,false,quadratic,49,279,0.043478261
8,1,0,3,4,false,quadratic,50,279,0.03992016
8,1,0,3,4,false,quadratic,50,279,0.032797428
8,1,0,3,4,false,quadratic,51,279,0.032961931
8,1,0,3,4,false,quadratic,51,279,0.03127715
8,1,0,3,4,false,quadratic,52,279,0.03750621
8,1,0,3,4,false,quadratic,52,279,0.043314501
8,1,0,3,4,false,quadratic,53,279,0.03569581
8,1,0,3,4,false,quadratic,53,279,0.033203125
8,1,0,3,4,false,quadratic,54,279,0.039138429
8,1,0,3,4,false,quadratic,54,279,0.03320802
8,1,0,3,4,false,quadratic,55,279,0.035697511
8,1,0,3,4,false,quadratic,55,279,0.037700865
8,1,0,3,4,false,quadratic,56,279,0.038196916
8,1,0,3,4,false,quadratic,56,279,0.037786775
8,1,0,3,4,false,quadratic,57,279,0.036423009
8,1,0,3,4,false,quadratic,57,279,0.030481809
8,1,0,3,4,false,quadratic,58,279,0.032223983
8,1,0,3,4,false,quadratic,58,279,0.042204996
8,1,0,3,4,false,quadratic,59,279,0.042785833
8,1,0,3,4,false,quadratic,59,279,0.035745423
8,1,0,3,4,false,quadratic,60,279,0.034365099
8,1,0,3,4,false,quadratic,60,279,0.033767773
8,1,0,3,4,false,quadratic,61,279,0.042148598
8,1,0,3,4,false,quadratic,61,279,0.04484968
8,1,0,3,4,false,quadratic,62,279,0.046837096
8,1,0,3,4,false,quadratic,62,279,0.04267844
8,1,0,3,4,false,quadratic,63,279,0.049777589
8,1,0,3,4,false,quadratic,63,279,0.039968026
8,1,0,3,4,false,quadratic,64,279,0.048515076
8,1,0,3,4,false,quadratic,64,343,0.04903537
8,1,0,3,4,false,quadratic,65,475,0.042003938
8,1,0,3,4,false,quadratic,65,475,0.036152193
8,1,0,3,4,false,quadratic,66,475,0.036152193
8,1,0,3,4,false,quadratic,66,475,0.022440824
8,1,0,3,4,false,quadratic,67,475,0.022440824
8,1,0,3,4,false,quadratic,67,475,0.032527881
8,1,0,3,4,false,quadratic,68,475,0.032527881
8,1,0,3,4,false,quadratic,68,475,0.021693908
8,1,0,3,4,false,quadratic,69,475,0.021693908
8,1,0,3,4,false,quadratic,69,475,0.024375
8,1,0,3,4,false,quadratic,70,475,0.024375
8,1,0,3,4,false,quadratic,70,475,0.023654642
8,1,0,3,4,false,quadratic,71,475,0.023654642
8,1,0,3,4,false,quadratic,71,475,0.022554099
8,1,0,3,4,false,quadratic,72,475,0.022554099
8,1,0,3,4,false,quadratic,72,475,0.025
8,1,0,3,4,false,quadratic,73,475,0.025
8,1,0,3,4,false,quadratic,73,475,0.025316456
8,1,0,3,4,false,quadratic,74,475,0.025316456
8,1,0,3,4,false,quadratic,74,475,0.02580258
8,1,0,3,4,false,quadratic,75,475,0.02580258
8,1,0,3,4,false,quadratic,75,475,0.026221692
8,1,0,3,4,false,quadratic,76,475,0.026221692
8,1,0,3,4,false,quadratic,76,475,0.029772981
8,1,0,3,4,false,quadratic,77,475,0.028320313
8,1,0,3,4,false,quadratic,77,475,0.025825826
8,1,0,3,4,false,quadratic,78,475,0.02942064
8,1,0,3,4,false,quadratic,78,475,0.028892944
8,1,0,3,4,false,quadratic,79,475,0.027010148
8,1,0,3,4,false,quadratic,79,475,0.026232617
8,1,0,3,4,false,quadratic,80,475,0.025345622
8,1,0,3,4,false,quadratic,80,475,0.025140491
8,1,0,3,4,false,quadratic,81,475,0.024415508
8,1,0,3,4,false,quadratic,81,475,0.025224703
8,1,0,3,4,false,quadratic,82,475,0.024626498
8,1,0,3,4,false,quadratic,82,475,0.025362319
8,1,0,3,4,false,quadratic,83,475,0.024122137
8,1,0,3,4,false,quadratic,83,475,0.02438262
8,1,0,3,4,false,quadratic,84,475,0.026042474
8,1,0,3,4,false,quadratic,84,475,0.026438569
8,1,0,3,4,false,quadratic,85,475,0.02435217
8,1,0,3,4,false,quadratic,85,475,0.024533857
8,1,0,3,4,false,quadratic,86,475,0.026997503
8,1,0,3,4,false,quadratic,86,475,0.025510204
8,1,0,3,4,false,quadratic,87,475,0.025325361
8,1,0,3,4,false,quadratic,87,475,0.031390135
8,1,0,3,4,false,quadratic,88,475,0.026875515
8,1,0,3,4,false,quadratic,88,475,0.02248357
8,1,0,3,4,false,quadratic,89,475,0.023740393
8,1,0,3,4,false,quadratic,89,475,0.027849741
8,1,0,3,4,false,quadratic,90,475,0.024701592
8,1,0,3,4,false,quadratic,90,475,0.026470588
8,1,0,3,4,false,quadratic,91,475,0.025157233
8,1,0,3,4,false,quadratic,91,475,0.025927403
8,1,0,3,4,false,quadratic,92,475,0.026352776
8,1,0,3,4,false,quadratic,92,475,0.03064833
8,1,0,3,4,false,quadratic,93,475,0.026329375
8,1,0,3,4,false,quadratic,93,475,0.022033365
8,1,0,3,4,false,quadratic,94,475,0.023104458
8,1,0,3,4,false,quadratic,94,475,0.023018744
8,1,0,3,4,false,quadratic,95,475,0.024510584
8,1,0,3,4,false,quadratic,95,475,0.023833501
8,1,0,3,4,false,quadratic,96,475,0.025228635
8,1,0,3,4,false,quadratic,96,475,0.025730994
8,1,0,3,4,false,quadratic,97,475,0.024172359
8,1,0,3,4,false,quadratic,97,475,0.024676375
8,1,0,3,4,false,quadratic,98,475,0.02490726
8,1,0,3,4,false,quadratic,98,475,0.023044269
8,1,0,3,4,false,quadratic,99,475,0.026068987
8,1,0,3,4,false,quadratic,99,475,0.02372035
8,1,0,3,4,false,quadratic,100,475,0.023992473
8,1,0,3,4,false,quadratic,100,475,0.021128981
8,1,0,3,4,false,quadratic,101,475,0.022074003
8,1,0,3,4,false,quadratic,101,475,0.02027575
8,1,0,3,4,false,quadratic,102,475,0.022972003
8,1,0,3,4,false,quadratic,102,475,0.02421875
8,1,0,3,4,false,quadratic,103,475,0.024094267
8,1,0,3,4,false,quadratic,103,475,0.020997375
8,1,0,3,4,false,quadratic,104,475,0.021681997
8,1,0,3,4,false,quadratic,104,475,0.020983401
8,1,0,3,4,false,quadratic,105,475,0.023130545
8,1,0,3,4,false,quadratic,105,475,0.019280206
8,1,0,3,4,false,quadratic,106,475,0.022443496
8,1,0,3,4,false,quadratic,106,475,0.026762156
8,1,0,3,4,false,quadratic,107,475,0.024252492
8,1,0,3,4,false,quadratic,107,475,0.028076923
8,1,0,3,4,false,quadratic,108,475,0.022807907
8,1,0,3,4,false,quadratic,108,475,0.026831474
8,1,0,3,4,false,quadratic,109,475,0.028087383
8,1,0,3,4,false,quadratic,109,475,0.024500907
8,1,0,3,4,false,quadratic,110,475,0.024538942
8,1,0,3,4,false,quadratic,110,475,0.023183926
8,1,0,3,4,false,quadratic,111,475,0.022102244
8,1,0,3,4,false,quadratic,111,475,0.024847095
8,1,0,3,4,false,quadratic,112,475,0.02615045
8,1,0,3,4,false,quadratic,112,475,0.028398334
8,1,0,3,4,false,quadratic,113,475,0.023830384
8,1,0,3,4,false,quadratic,113,475,0.023074524
8,1,0,3,4,false,quadratic,114,475,0.025134927
8,1,0,3,4,false,quadratic,114,475,0.023339318
8,1,0,3,4,false,quadratic,115,475,0.024234111
8,1,0,3,4,false,quadratic,115,475,0.021363174
8,1,0,3,4,false,quadratic,116,475,0.021298004
8,1,0,3,4,false,quadratic,116,475,0.026888098
8,1,0,3,4,false,quadratic,117,475,0.024083584
8,1,0,3,4,false,quadratic,117,475,0.020626735
8,1,0,3,4,false,quadratic,118,475,0.02045728
8,1,0,3,4,false,quadratic,118,475,0.018649518
8,1,0,3,4,false,quadratic,119,475,0.020165703
8,1,0,3,4,false,quadratic,119,475,0.027760051
8,1,0,3,4,false,quadratic,120,475,0.026191638
8,1,0,3,4,false,quadratic,120,475,0.023794615